17
aqwqj;Tettersell,Margaretta;5455 Clemons Plaza,Indianapolis,Indiana,46221,United States
DyW2;Halls,Homerus;48 Badeau Drive,Flushing,New York,11388,United States;hhalls1@google.com.br
h7a9p6;Ridpath,Arlyne;98077 3rd Road,Saint Louis,Missouri,63131,United States;aridpath2@digg.com
mengk;Highnam,Ansell;4320 Green Ridge Court,Canton,Ohio,44720,United States;ahighnam3@opera.com
obnd;Geffe,Jaynell;792 Dayton Avenue,Houston,Texas,77201,United States;jgeffe4@washingtonpost.com
31nn;Schimpke,Charmine;198 Rockefeller Center,Indianapolis,Indiana,46221,United States
CkP8;Swalough,Maxi;2 Claremont Road,Fort Pierce,Florida,34981,United States;mswalough6@1688.com
d1w2i;Mordin,Rosita;885 Debs Way,Appleton,Wisconsin,54915,United States;rmordin7@acquirethisname.com
ar2r;Devon,Andrej;40 Lerdahl Avenue,Asheville,North Carolina,28815,United States;adevon8@naver.com
A6Fr;McLaren,Marcellus;23 Haas Parkway,Chicago,Illinois,60652,United States;mmclaren9@blogs.com
1mGf;Fried,Clifford;302 Eggendart Place,Amarillo,Texas,79171,United States
R27y;Walliker,Brok;81 Harper Drive,Lansing,Michigan,48912,United States;bwallikerb@senate.gov
gnc7tm;Notman,Cindie;7 Muir Trail,Flushing,New York,11388,United States;cnotmanc@posterous.com
I57j;Luxmoore,Leda;4588 Cherokee Park,Washington,District of Columbia,20525,United States;lluxmoored@gov.uk
HrFm;Grant,Jock;958 Homewood Lane,Washington,District of Columbia,20525,United States
fh1R;Seignior,Dennis;7105 Grim Pass,Amarillo,Texas,79171,United States
vu29h;Baroche,Dex;524 Barby Center,Lansing,Michigan,48912,United States;dbarocheg@vk.com